<?xml version = '1.0' encoding = 'UTF-8'?>
<TableSpaceOraclev10g class="oracle.dbtools.crest.model.design.storage.oracle.v10g.TableSpaceOraclev10g" name="USERS" directorySegmentName="seg_0" id="FDC82C98-8194-0649-2184-5C938DD6CCD0">
<sourceConnName>localhost_orcl_tester1</sourceConnName>
<sourceObjSchema>TESTER1</sourceObjSchema>
<sourceObjName>USERS</sourceObjName>
<createdBy>Administrator</createdBy>
<createdTime>2016-10-20 06:05:29 UTC</createdTime>
<ownerDesignName>member_board</ownerDesignName>
<dsInitialExtent>65536</dsInitialExtent>
<dsMaxExtents>2147483645</dsMaxExtents>
<emUniformSize>0</emUniformSize>
<extentManagement>LOCAL</extentManagement>
<minExtLen>65536</minExtLen>
<dsCompression>NOCOMPRESS</dsCompression>
<encrypt>NO</encrypt>
<fileType>SMALLFILE</fileType>
</TableSpaceOraclev10g>