<?xml version = '1.0' encoding = 'UTF-8'?>
<relationalModel class="oracle.dbtools.crest.model.design.relational.RelationalDesign" name="Relational_1" id="106C6DEC-B52B-D09D-39AB-0806FE2B2A9D" mainViewID="D949B1B0-6677-5832-677E-6D397CFDEFC4">
<createdBy>Administrator</createdBy>
<createdTime>2016-10-20 05:17:20 UTC</createdTime>
<ownerDesignName>member_board</ownerDesignName>
<shouldBeOpen>true</shouldBeOpen>
<selectedRDBMSSite>32076570-2523-435C-2E92-BF29817DFF70</selectedRDBMSSite>
<importConnectionStamps>
<importConnectionStamp class="oracle.dbtools.crest.imports.DBConnectionStamp">
<connName>localhost_orcl_tester1</connName>
<connUrl>jdbc:oracle:thin:@localhost:1521:orcl</connUrl>
<connUser>TESTER1</connUser>
<connType>1</connType>
<syncSelected>1</syncSelected>
</importConnectionStamp>
</importConnectionStamps>
</relationalModel>