<?xml version = '1.0' encoding = 'UTF-8'?>
<SegmentOraclev10g class="oracle.dbtools.crest.model.design.storage.oracle.v10g.SegmentOraclev10g" name="Storage2" directorySegmentName="seg_0" id="8E9C69ED-E895-7272-AE8D-B76629A2F65E">
<createdBy>Administrator</createdBy>
<createdTime>2016-10-20 06:05:29 UTC</createdTime>
<ownerDesignName>member_board</ownerDesignName>
<maxTrans>255</maxTrans>
<scInitialExtent>65536</scInitialExtent>
<scMaxExtents>2147483645</scMaxExtents>
<scNextExtent>1048576</scNextExtent>
</SegmentOraclev10g>