<?xml version = '1.0' encoding = 'UTF-8'?>
<SegmentOraclev10g class="oracle.dbtools.crest.model.design.storage.oracle.v10g.SegmentOraclev10g" name="Storage4" directorySegmentName="seg_0" id="9622ACF2-569E-1131-BE49-D9A95C384D9F">
<createdBy>Administrator</createdBy>
<createdTime>2016-10-20 06:05:29 UTC</createdTime>
<ownerDesignName>member_board</ownerDesignName>
<initrans>2</initrans>
<maxTrans>255</maxTrans>
<scInitialExtent>65536</scInitialExtent>
<scMaxExtents>2147483645</scMaxExtents>
<scNextExtent>1048576</scNextExtent>
</SegmentOraclev10g>