<?xml version = '1.0' encoding = 'UTF-8'?>
<UserOraclev10g class="oracle.dbtools.crest.model.design.storage.oracle.v10g.UserOraclev10g" name="TESTER1" directorySegmentName="seg_0" id="0C719F3E-2F27-34B9-8A9D-035D9B4B65AB">
<sourceConnName>localhost_orcl_tester1</sourceConnName>
<sourceObjName>TESTER1</sourceObjName>
<createdBy>Administrator</createdBy>
<createdTime>2016-10-20 06:05:29 UTC</createdTime>
<ownerDesignName>member_board</ownerDesignName>
<schemaObject>FA8AF60A-F9B1-5AB5-4366-CA867CD99F21</schemaObject>
<defTableSpace>FDC82C98-8194-0649-2184-5C938DD6CCD0</defTableSpace>
<privileges>UNLIMITED TABLESPACE</privileges>
</UserOraclev10g>