<?xml version = '1.0' encoding = 'UTF-8'?>
<Table class="oracle.dbtools.crest.model.design.relational.Table" directorySegmentName="seg_0" id="2D6F606F-3357-3CCB-D4D0-5376F2B45781" name="member">
<createdBy>Administrator</createdBy>
<createdTime>2016-10-20 06:27:46 UTC</createdTime>
<ownerDesignName>member_board</ownerDesignName>
<ordsAlias>table_1</ordsAlias>
<allowColumnReorder>false</allowColumnReorder>
<existDependencyGenerateInDDl>true</existDependencyGenerateInDDl>
<parsed>true</parsed>
<columns itemClass="oracle.dbtools.crest.model.design.relational.Column">
<Column name="mid" id="057387E1-B699-1647-6151-C7B3B34A4A98">
<createdBy>Administrator</createdBy>
<createdTime>2016-10-20 06:28:36 UTC</createdTime>
<ownerDesignName>member_board</ownerDesignName>
<useDomainConstraints>false</useDomainConstraints>
<use>1</use>
<logicalDatatype>LOGDT024</logicalDatatype>
<dataTypeSize>10</dataTypeSize>
<ownDataTypeParameters>10,,</ownDataTypeParameters>
<autoIncrementCycle>false</autoIncrementCycle>
</Column>
<Column name="mname" id="75403322-B518-920A-F67C-114F516357D9">
<createdBy>Administrator</createdBy>
<createdTime>2016-10-20 06:28:56 UTC</createdTime>
<ownerDesignName>member_board</ownerDesignName>
<useDomainConstraints>false</useDomainConstraints>
<use>1</use>
<logicalDatatype>LOGDT024</logicalDatatype>
<dataTypeSize>10</dataTypeSize>
<ownDataTypeParameters>10,,</ownDataTypeParameters>
<autoIncrementCycle>false</autoIncrementCycle>
</Column>
<Column name="mpassword" id="72A738C2-FB31-63E9-E378-1C4610485ED0">
<createdBy>Administrator</createdBy>
<createdTime>2016-10-20 06:29:24 UTC</createdTime>
<ownerDesignName>member_board</ownerDesignName>
<useDomainConstraints>false</useDomainConstraints>
<use>1</use>
<logicalDatatype>LOGDT024</logicalDatatype>
<dataTypeSize>15</dataTypeSize>
<ownDataTypeParameters>15,,</ownDataTypeParameters>
<autoIncrementCycle>false</autoIncrementCycle>
</Column>
<Column name="mbirth" id="3214C801-469F-5FA7-4280-FB79D2D1A7F5">
<createdBy>Administrator</createdBy>
<createdTime>2016-10-20 06:29:36 UTC</createdTime>
<ownerDesignName>member_board</ownerDesignName>
<nullsAllowed>true</nullsAllowed>
<useDomainConstraints>false</useDomainConstraints>
<use>1</use>
<logicalDatatype>LOGDT007</logicalDatatype>
<ownDataTypeParameters>,,</ownDataTypeParameters>
<autoIncrementCycle>false</autoIncrementCycle>
</Column>
<Column name="mage" id="77A88794-4CAE-1B6E-0821-6FF3500A92A0">
<createdBy>Administrator</createdBy>
<createdTime>2016-10-20 06:30:27 UTC</createdTime>
<ownerDesignName>member_board</ownerDesignName>
<useDomainConstraints>false</useDomainConstraints>
<use>1</use>
<logicalDatatype>LOGDT019</logicalDatatype>
<dataTypePrecision>3</dataTypePrecision>
<ownDataTypeParameters>,3,</ownDataTypeParameters>
<autoIncrementCycle>false</autoIncrementCycle>
</Column>
</columns>
<indexes itemClass="oracle.dbtools.crest.model.design.relational.Index">
<ind_PK_UK id="190C7ECD-4642-110E-0535-B102B5140E5F" name="pk_member_mid">
<createdBy>Administrator</createdBy>
<createdTime>2016-10-20 06:28:36 UTC</createdTime>
<ownerDesignName>member_board</ownerDesignName>
<pk>true</pk>
<indexState>Primary Constraint</indexState>
<isSurrogateKey>false</isSurrogateKey>
<indexColumnUsage>
<colUsage columnID="057387E1-B699-1647-6151-C7B3B34A4A98"/>
</indexColumnUsage>
</ind_PK_UK>
</indexes>
</Table>